sap_module,sap_table,sap_field,sap_description,sap_data_element,sap_domain,sap_table_description,classification_bucket,top_canonical_concept_id,top_canonical_strength,second_canonical_concept_id,second_canonical_strength,strength_margin,confidence_tier,top_canonical_matches,candidate_reason
MM,MARM,DUMMY_UOM_INCL_EEW_PS,MD Product UOM,UOM_INCL_EEW,UOM_INCL_EEW,Units of Measure for Material Alternative units of measure and conversions. MM Materials Mgmt,unmapped,material.base_uom_code,0.60,,,0.60,medium,material.base_uom_code:0.60,context_enriched_unmapped_auto_candidate
MM,MARM,/STTPEC/UOM_SYNC,Synchronization Active for UoM,/STTPEC/E_UOM_SYNCACT,XFELD,Units of Measure for Material Alternative units of measure and conversions. MM Materials Mgmt,unmapped,material.base_uom_code,0.60,,,0.60,medium,material.base_uom_code:0.60,context_enriched_unmapped_auto_candidate
MM,EBAN,ESTKZ,Creation indicator (purchase requisition/schedule lines),ESTKZ,ESTKZ,Purchase Requisition PR header & item combined; one row per PR line. MM Materials Mgmt,weak_canonical_candidate,requisition.line_item_number,0.60,requisition.id,0.50,0.10,medium,requisition.line_item_number:0.60 | requisition.id:0.50,context_enriched_unmapped_auto_candidate
MM,EBAN,FRGKZ,Release Indicator,FRGKZ,FRGKZ,Purchase Requisition PR header & item combined; one row per PR line. MM Materials Mgmt,unmapped,requisition.line_item_number,0.60,requisition.id,0.50,0.10,medium,requisition.line_item_number:0.60 | requisition.id:0.50,context_enriched_unmapped_auto_candidate
MM,EBAN,FRGZU,Release State,FRGZU,FRGZU,Purchase Requisition PR header & item combined; one row per PR line. MM Materials Mgmt,unmapped,requisition.line_item_number,0.60,requisition.id,0.50,0.10,medium,requisition.line_item_number:0.60 | requisition.id:0.50,context_enriched_unmapped_auto_candidate
MM,EBAN,FRGST,Release strategy in the purchase requisition,FRGST,FRGST,Purchase Requisition PR header & item combined; one row per PR line. MM Materials Mgmt,weak_canonical_candidate,requisition.line_item_number,0.60,requisition.id,0.50,0.10,medium,requisition.line_item_number:0.60 | requisition.id:0.50,context_enriched_unmapped_auto_candidate
MM,EBAN,TXZ01,Short Text,TXZ01,TEXT40,Purchase Requisition PR header & item combined; one row per PR line. MM Materials Mgmt,unmapped,requisition.line_item_number,0.60,requisition.id,0.50,0.10,medium,requisition.line_item_number:0.60 | requisition.id:0.50,context_enriched_unmapped_auto_candidate
MM,EBAN,RESWK,Supplying (issuing) plant in case of stock transport order,RESWK,WERKS,Purchase Requisition PR header & item combined; one row per PR line. MM Materials Mgmt,unmapped,requisition.line_item_number,0.60,requisition.id,0.50,0.10,medium,requisition.line_item_number:0.60 | requisition.id:0.50,context_enriched_unmapped_auto_candidate
MM,EBAN,WEBAZ,Goods receipt processing time in days,WEBAZ,DEC3,Purchase Requisition PR header & item combined; one row per PR line. MM Materials Mgmt,weak_canonical_candidate,requisition.line_item_number,0.60,requisition.id,0.50,0.10,medium,requisition.line_item_number:0.60 | requisition.id:0.50 | route.id:0.50,context_enriched_unmapped_auto_candidate
MM,EBAN,KZVBR,Consumption posting,KZVBR,KZVBR,Purchase Requisition PR header & item combined; one row per PR line. MM Materials Mgmt,unmapped,requisition.line_item_number,0.60,requisition.id,0.50,0.10,medium,requisition.line_item_number:0.60 | requisition.id:0.50,context_enriched_unmapped_auto_candidate
MM,EBAN,KFLAG,Acct.asst.modifiable,KFLAG,XFELD,Purchase Requisition PR header & item combined; one row per PR line. MM Materials Mgmt,unmapped,requisition.line_item_number,0.60,requisition.id,0.50,0.10,medium,requisition.line_item_number:0.60 | requisition.id:0.50,context_enriched_unmapped_auto_candidate
MM,EBAN,VRTKZ,Distribution Indicator for Multiple Account Assignment,VRTKZ,VRTKZ,Purchase Requisition PR header & item combined; one row per PR line. MM Materials Mgmt,unmapped,requisition.line_item_number,0.60,requisition.id,0.50,0.10,medium,requisition.line_item_number:0.60 | requisition.id:0.50,context_enriched_unmapped_auto_candidate
MM,EBAN,TWRKZ,Partial invoice indicator,TWRKZ,TWRKZ,Purchase Requisition PR header & item combined; one row per PR line. MM Materials Mgmt,unmapped,requisition.line_item_number,0.60,requisition.id,0.50,0.10,medium,requisition.line_item_number:0.60 | requisition.id:0.50,context_enriched_unmapped_auto_candidate
MM,EBAN,WEPOS,Goods Receipt Indicator,WEPOS,XFELD,Purchase Requisition PR header & item combined; one row per PR line. MM Materials Mgmt,knowledge_only,requisition.line_item_number,0.60,requisition.id,0.50,0.10,medium,requisition.line_item_number:0.60 | requisition.id:0.50,context_enriched_unmapped_auto_candidate
MM,EBAN,WEUNB,"Goods Receipt, Non-Valuated",WEUNB,XFELD,Purchase Requisition PR header & item combined; one row per PR line. MM Materials Mgmt,knowledge_only,requisition.line_item_number,0.60,requisition.id,0.50,0.10,medium,requisition.line_item_number:0.60 | requisition.id:0.50,context_enriched_unmapped_auto_candidate
MM,EBAN,REPOS,Invoice Receipt Indicator,REPOS,XFELD,Purchase Requisition PR header & item combined; one row per PR line. MM Materials Mgmt,unmapped,requisition.line_item_number,0.60,requisition.id,0.50,0.10,medium,requisition.line_item_number:0.60 | requisition.id:0.50,context_enriched_unmapped_auto_candidate
MM,EBAN,FLIEF,Fixed Vendor,FLIEF,LIFNR,Purchase Requisition PR header & item combined; one row per PR line. MM Materials Mgmt,unmapped,requisition.line_item_number,0.60,requisition.id,0.50,0.10,medium,requisition.line_item_number:0.60 | requisition.id:0.50,context_enriched_unmapped_auto_candidate
MM,EBAN,ZUGBA,Assigned Source of Supply,DZUGBA,XFELD,Purchase Requisition PR header & item combined; one row per PR line. MM Materials Mgmt,unmapped,requisition.line_item_number,0.60,requisition.id,0.50,0.10,medium,requisition.line_item_number:0.60 | requisition.id:0.50,context_enriched_unmapped_auto_candidate
MM,EBAN,QUPOS,Quota arrangement item,QUPOS,NUM03,Purchase Requisition PR header & item combined; one row per PR line. MM Materials Mgmt,unmapped,requisition.line_item_number,0.60,requisition.id,0.50,0.10,medium,requisition.line_item_number:0.60 | requisition.id:0.50,context_enriched_unmapped_auto_candidate
MM,EBAN,DISPO,MRP Controller,DISPO,DISPO,Purchase Requisition PR header & item combined; one row per PR line. MM Materials Mgmt,unmapped,requisition.line_item_number,0.60,requisition.id,0.50,0.10,medium,requisition.line_item_number:0.60 | requisition.id:0.50,context_enriched_unmapped_auto_candidate
MM,EBAN,BATOL,Resubmission interval of purchase requisition,BATOL,BATOL,Purchase Requisition PR header & item combined; one row per PR line. MM Materials Mgmt,weak_canonical_candidate,requisition.line_item_number,0.60,requisition.id,0.50,0.10,medium,requisition.line_item_number:0.60 | requisition.id:0.50,context_enriched_unmapped_auto_candidate
MM,EBAN,BSMNG,Quantity ordered against this purchase requisition,BSMNG,MENG13,Purchase Requisition PR header & item combined; one row per PR line. MM Materials Mgmt,weak_canonical_candidate,requisition.line_item_number,0.60,bom.quantity,0.50,0.10,medium,requisition.line_item_number:0.60 | bom.quantity:0.50 | goods_receipt.quantity:0.50,context_enriched_unmapped_auto_candidate
MM,EBAN,XOBLR,Item affects commitments,XOBLR,XFELD,Purchase Requisition PR header & item combined; one row per PR line. MM Materials Mgmt,unmapped,requisition.line_item_number,0.60,requisition.id,0.50,0.10,medium,requisition.line_item_number:0.60 | requisition.id:0.50,context_enriched_unmapped_auto_candidate
MM,EBAN,EBAKZ,Purchase requisition closed,EBAKZ,XFELD,Purchase Requisition PR header & item combined; one row per PR line. MM Materials Mgmt,weak_canonical_candidate,requisition.line_item_number,0.60,requisition.id,0.50,0.10,medium,requisition.line_item_number:0.60 | requisition.id:0.50,context_enriched_unmapped_auto_candidate
MM,EBAN,SOBKZ,Special Stock Indicator,SOBKZ,SOBKZ,Purchase Requisition PR header & item combined; one row per PR line. MM Materials Mgmt,unmapped,requisition.line_item_number,0.60,requisition.id,0.50,0.10,medium,requisition.line_item_number:0.60 | requisition.id:0.50,context_enriched_unmapped_auto_candidate
MM,EBAN,FIXKZ,Purchase requisition is fixed,BAFIX,XFELD,Purchase Requisition PR header & item combined; one row per PR line. MM Materials Mgmt,weak_canonical_candidate,requisition.line_item_number,0.60,requisition.id,0.50,0.10,medium,requisition.line_item_number:0.60 | requisition.id:0.50,context_enriched_unmapped_auto_candidate
MM,EBAN,KANBA,Kanban Indicator,KBNKZ,KBNKZ,Purchase Requisition PR header & item combined; one row per PR line. MM Materials Mgmt,unmapped,requisition.line_item_number,0.60,requisition.id,0.50,0.10,medium,requisition.line_item_number:0.60 | requisition.id:0.50,context_enriched_unmapped_auto_candidate
MM,EBAN,FRGGR,Release group,FRGGR,FRGGR,Purchase Requisition PR header & item combined; one row per PR line. MM Materials Mgmt,unmapped,requisition.line_item_number,0.60,purchasing_group.id,0.50,0.10,medium,requisition.line_item_number:0.60 | purchasing_group.id:0.50 | requisition.id:0.50,context_enriched_unmapped_auto_candidate
MM,EBAN,FRGRL,Release Not Yet Completely Effected,FRGRL,XFELD,Purchase Requisition PR header & item combined; one row per PR line. MM Materials Mgmt,unmapped,requisition.line_item_number,0.60,requisition.id,0.50,0.10,medium,requisition.line_item_number:0.60 | requisition.id:0.50,context_enriched_unmapped_auto_candidate
MM,EBAN,AKTNR,Retail Promotion,WAKTION,WAKTION,Purchase Requisition PR header & item combined; one row per PR line. MM Materials Mgmt,unmapped,requisition.line_item_number,0.60,requisition.id,0.50,0.10,medium,requisition.line_item_number:0.60 | requisition.id:0.50,context_enriched_unmapped_auto_candidate
MM,EBAN,UMSOK,Special stock indicator for physical stock transfer,UMSOK,SOBKZ,Purchase Requisition PR header & item combined; one row per PR line. MM Materials Mgmt,knowledge_only,requisition.line_item_number,0.60,requisition.id,0.50,0.10,medium,requisition.line_item_number:0.60 | requisition.id:0.50,context_enriched_unmapped_auto_candidate
MM,EBAN,VERID,Production Version,VERID,VERID,Purchase Requisition PR header & item combined; one row per PR line. MM Materials Mgmt,unmapped,requisition.line_item_number,0.60,requisition.id,0.50,0.10,medium,requisition.line_item_number:0.60 | requisition.id:0.50,context_enriched_unmapped_auto_candidate
MM,EBAN,FIPOS,Commitment Item,FIPOS,FIPOS,Purchase Requisition PR header & item combined; one row per PR line. MM Materials Mgmt,unmapped,requisition.line_item_number,0.60,requisition.id,0.50,0.10,medium,requisition.line_item_number:0.60 | requisition.id:0.50,context_enriched_unmapped_auto_candidate
MM,EBAN,FISTL,Funds Center,FISTL,FISTL,Purchase Requisition PR header & item combined; one row per PR line. MM Materials Mgmt,unmapped,requisition.line_item_number,0.60,requisition.id,0.50,0.10,medium,requisition.line_item_number:0.60 | requisition.id:0.50,context_enriched_unmapped_auto_candidate
MM,EBAN,GEBER,Fund,BP_GEBER,BP_GEBER,Purchase Requisition PR header & item combined; one row per PR line. MM Materials Mgmt,unmapped,requisition.line_item_number,0.60,requisition.id,0.50,0.10,medium,requisition.line_item_number:0.60 | requisition.id:0.50,context_enriched_unmapped_auto_candidate
MM,EBAN,KZKFG,Origin of Configuration,KZCUH,KZCUH,Purchase Requisition PR header & item combined; one row per PR line. MM Materials Mgmt,unmapped,requisition.line_item_number,0.60,requisition.id,0.50,0.10,medium,requisition.line_item_number:0.60 | requisition.id:0.50,context_enriched_unmapped_auto_candidate
MM,EBAN,SATNR,Cross-Plant Configurable Material,SATNR,MATNR,Purchase Requisition PR header & item combined; one row per PR line. MM Materials Mgmt,unmapped,requisition.line_item_number,0.60,requisition.id,0.50,0.10,medium,requisition.line_item_number:0.60 | requisition.id:0.50,context_enriched_unmapped_auto_candidate
MM,EBAN,MNG02,Committed Quantity,MNG06,MENGV13,Purchase Requisition PR header & item combined; one row per PR line. MM Materials Mgmt,unmapped,requisition.line_item_number,0.60,bom.quantity,0.50,0.10,medium,requisition.line_item_number:0.60 | bom.quantity:0.50 | goods_receipt.quantity:0.50,context_enriched_unmapped_auto_candidate
MM,EBAN,EMLIF,Supplier to be Supplied/Who is to Receive Delivery,EMLIF,LIFNR,Purchase Requisition PR header & item combined; one row per PR line. MM Materials Mgmt,unmapped,requisition.line_item_number,0.60,requisition.id,0.50,0.10,medium,requisition.line_item_number:0.60 | requisition.id:0.50,context_enriched_unmapped_auto_candidate
MM,EBAN,LBLKZ,Subcontracting Supplier,LBLKZ,XFELD,Purchase Requisition PR header & item combined; one row per PR line. MM Materials Mgmt,unmapped,requisition.line_item_number,0.60,requisition.id,0.50,0.10,medium,requisition.line_item_number:0.60 | requisition.id:0.50,context_enriched_unmapped_auto_candidate
MM,EBAN,KZBWS,Valuation of Special Stock,KZBWS,KZBWS,Purchase Requisition PR header & item combined; one row per PR line. MM Materials Mgmt,unmapped,requisition.line_item_number,0.60,requisition.id,0.50,0.10,medium,requisition.line_item_number:0.60 | requisition.id:0.50,context_enriched_unmapped_auto_candidate
MM,EBAN,MPROF,Mfr part profile,MPROF,MPROF,Purchase Requisition PR header & item combined; one row per PR line. MM Materials Mgmt,unmapped,requisition.line_item_number,0.60,requisition.id,0.50,0.10,medium,requisition.line_item_number:0.60 | requisition.id:0.50,context_enriched_unmapped_auto_candidate
MM,EBAN,TECHS,Parameter Variant/Standard Variant,TECHS,TECHS,Purchase Requisition PR header & item combined; one row per PR line. MM Materials Mgmt,unmapped,requisition.line_item_number,0.60,requisition.id,0.50,0.10,medium,requisition.line_item_number:0.60 | requisition.id:0.50,context_enriched_unmapped_auto_candidate
MM,EBAN,FORDN,Framework Order,SFORDN,EBELN,Purchase Requisition PR header & item combined; one row per PR line. MM Materials Mgmt,unmapped,requisition.line_item_number,0.60,requisition.id,0.50,0.10,medium,requisition.line_item_number:0.60 | requisition.id:0.50,context_enriched_unmapped_auto_candidate
MM,EBAN,FORDP,Item of framework order,FORDP,EBELP,Purchase Requisition PR header & item combined; one row per PR line. MM Materials Mgmt,unmapped,requisition.line_item_number,0.60,requisition.id,0.50,0.10,medium,requisition.line_item_number:0.60 | requisition.id:0.50,context_enriched_unmapped_auto_candidate
MM,EBAN,BERID,MRP Area,BERID,BERID,Purchase Requisition PR header & item combined; one row per PR line. MM Materials Mgmt,unmapped,requisition.line_item_number,0.60,requisition.id,0.50,0.10,medium,requisition.line_item_number:0.60 | requisition.id:0.50,context_enriched_unmapped_auto_candidate
MM,EBAN,FKBER,Functional Area,FKBER,FKBER,Purchase Requisition PR header & item combined; one row per PR line. MM Materials Mgmt,unmapped,requisition.line_item_number,0.60,requisition.id,0.50,0.10,medium,requisition.line_item_number:0.60 | requisition.id:0.50,context_enriched_unmapped_auto_candidate
MM,EBAN,GRANT_NBR,Grant,GM_GRANT_NBR,GM_GRANT_NBR,Purchase Requisition PR header & item combined; one row per PR line. MM Materials Mgmt,unmapped,requisition.line_item_number,0.60,requisition.id,0.50,0.10,medium,requisition.line_item_number:0.60 | requisition.id:0.50,context_enriched_unmapped_auto_candidate
MM,EBAN,MEMORY,Purchase Requisition not yet Complete,MEMBF,XFELD,Purchase Requisition PR header & item combined; one row per PR line. MM Materials Mgmt,weak_canonical_candidate,requisition.line_item_number,0.60,requisition.id,0.50,0.10,medium,requisition.line_item_number:0.60 | requisition.id:0.50,context_enriched_unmapped_auto_candidate
MM,EBAN,BANPR,Requisition Processing State,BANPR,BANPR,Purchase Requisition PR header & item combined; one row per PR line. MM Materials Mgmt,unmapped,requisition.line_item_number,0.60,requisition.id,0.50,0.10,medium,requisition.line_item_number:0.60 | requisition.id:0.50,context_enriched_unmapped_auto_candidate
MM,EBAN,BLCKD,Purchase Requisition Blocked,BLCKD,BLCKD,Purchase Requisition PR header & item combined; one row per PR line. MM Materials Mgmt,weak_canonical_candidate,requisition.line_item_number,0.60,requisition.id,0.50,0.10,medium,requisition.line_item_number:0.60 | requisition.id:0.50,context_enriched_unmapped_auto_candidate
MM,EBAN,BLCKT,Reason for Item Block,BLCKT,CHAR60K,Purchase Requisition PR header & item combined; one row per PR line. MM Materials Mgmt,unmapped,requisition.line_item_number,0.60,requisition.id,0.50,0.10,medium,requisition.line_item_number:0.60 | requisition.id:0.50,context_enriched_unmapped_auto_candidate
MM,EBAN,BESWK,Procuring Plant,BESWK,WERKS,Purchase Requisition PR header & item combined; one row per PR line. MM Materials Mgmt,unmapped,requisition.line_item_number,0.60,requisition.id,0.50,0.10,medium,requisition.line_item_number:0.60 | requisition.id:0.50,context_enriched_unmapped_auto_candidate
MM,EBAN,EPROFILE,External Procurement Profile,MEPROFILE,EPROFILE,Purchase Requisition PR header & item combined; one row per PR line. MM Materials Mgmt,unmapped,requisition.line_item_number,0.60,requisition.id,0.50,0.10,medium,requisition.line_item_number:0.60 | requisition.id:0.50,context_enriched_unmapped_auto_candidate
MM,EBAN,GMMNG,PO Quantity of Purchase Requisition in POs on Hold,GMMNG,MENG13,Purchase Requisition PR header & item combined; one row per PR line. MM Materials Mgmt,weak_canonical_candidate,requisition.line_item_number,0.60,bom.quantity,0.50,0.10,medium,requisition.line_item_number:0.60 | bom.quantity:0.50 | goods_receipt.quantity:0.50,context_enriched_unmapped_auto_candidate
MM,EBAN,KBLPOS,Earmarked Funds: Document Item,KBLPOS,KBLPOS,Purchase Requisition PR header & item combined; one row per PR line. MM Materials Mgmt,unmapped,requisition.line_item_number,0.60,requisition.id,0.50,0.10,medium,requisition.line_item_number:0.60 | requisition.id:0.50,context_enriched_unmapped_auto_candidate
MM,EBAN,PRIO_URG,Requirement Urgency,PRIO_URG,PRIO_URG,Purchase Requisition PR header & item combined; one row per PR line. MM Materials Mgmt,unmapped,requisition.line_item_number,0.60,requisition.id,0.50,0.10,medium,requisition.line_item_number:0.60 | requisition.id:0.50,context_enriched_unmapped_auto_candidate
MM,EBAN,PRIO_REQ,Requirement Priority,PRIO_REQ,PRIO_REQ,Purchase Requisition PR header & item combined; one row per PR line. MM Materials Mgmt,unmapped,requisition.line_item_number,0.60,requisition.id,0.50,0.10,medium,requisition.line_item_number:0.60 | requisition.id:0.50,context_enriched_unmapped_auto_candidate
MM,EBAN,MHDRZ,Minimum Remaining Shelf Life,MHDRZ,DEC4,Purchase Requisition PR header & item combined; one row per PR line. MM Materials Mgmt,knowledge_only,requisition.line_item_number,0.60,requisition.id,0.50,0.10,medium,requisition.line_item_number:0.60 | requisition.id:0.50,context_enriched_unmapped_auto_candidate
MM,EBAN,NODISP,Ind: Reserv. not applicable to MRP;Purc. req. not created,NODISP,XFELD,Purchase Requisition PR header & item combined; one row per PR line. MM Materials Mgmt,unmapped,requisition.line_item_number,0.60,requisition.id,0.50,0.10,medium,requisition.line_item_number:0.60 | requisition.id:0.50,context_enriched_unmapped_auto_candidate
MM,EBAN,BUDGET_PD,Budget Period,FM_BUDGET_PERIOD,FM_BUDGET_PERIOD,Purchase Requisition PR header & item combined; one row per PR line. MM Materials Mgmt,unmapped,requisition.line_item_number,0.60,requisition.id,0.50,0.10,medium,requisition.line_item_number:0.60 | requisition.id:0.50,context_enriched_unmapped_auto_candidate
MM,EBAN,EXPERT_MODE,PR Created in Expert Mode,MMPUR_PR_SSP_EXPERT_MODE,BOOLEAN,Purchase Requisition PR header & item combined; one row per PR line. MM Materials Mgmt,unmapped,requisition.line_item_number,0.60,requisition.id,0.50,0.10,medium,requisition.line_item_number:0.60 | requisition.id:0.50,context_enriched_unmapped_auto_candidate
MM,EBAN,CENTRAL_PURREQN_PROC,Is PR relevant for Central PR Processing,MMPUR_PR_CEN_PURREQN_PROC_MODE,BOOLEAN,Purchase Requisition PR header & item combined; one row per PR line. MM Materials Mgmt,unmapped,requisition.line_item_number,0.60,requisition.id,0.50,0.10,medium,requisition.line_item_number:0.60 | requisition.id:0.50,context_enriched_unmapped_auto_candidate
MM,EBAN,INDELEGATEAPPROVAL,Purchase Requisition in external approval,MMPUR_INDELEGATEAPPROVAL,BOOLEAN,Purchase Requisition PR header & item combined; one row per PR line. MM Materials Mgmt,weak_canonical_candidate,requisition.line_item_number,0.60,requisition.id,0.50,0.10,medium,requisition.line_item_number:0.60 | requisition.id:0.50,context_enriched_unmapped_auto_candidate
MM,EBAN,DUMMY_EBAN_INCL_EEW_PS,Data element for purchase requisition extensibility,EBAN_INCL_EEW,EBAN_INCL_EEW,Purchase Requisition PR header & item combined; one row per PR line. MM Materials Mgmt,weak_canonical_candidate,requisition.line_item_number,0.60,requisition.id,0.50,0.10,medium,requisition.line_item_number:0.60 | requisition.id:0.50,context_enriched_unmapped_auto_candidate
MM,EBAN,STORENETWORKID,128 character,CHAR128,CHAR128,Purchase Requisition PR header & item combined; one row per PR line. MM Materials Mgmt,unmapped,requisition.line_item_number,0.60,requisition.id,0.50,0.10,medium,requisition.line_item_number:0.60 | requisition.id:0.50,context_enriched_unmapped_auto_candidate
MM,EBAN,STORESUPPLIERID,"Character field, length 64",CHAR64,CHAR64,Purchase Requisition PR header & item combined; one row per PR line. MM Materials Mgmt,unmapped,requisition.line_item_number,0.60,requisition.id,0.50,0.10,medium,requisition.line_item_number:0.60 | requisition.id:0.50,context_enriched_unmapped_auto_candidate
MM,EBAN,CREATIONTIME,Purchasing Document Creation Time,ME_PDI_CREATIONTIME,UZEIT,Purchase Requisition PR header & item combined; one row per PR line. MM Materials Mgmt,unmapped,requisition.line_item_number,0.60,requisition.id,0.50,0.10,medium,requisition.line_item_number:0.60 | requisition.id:0.50,context_enriched_unmapped_auto_candidate
MM,EBAN,SERVICEPERFORMER,Service Performer,SERVICEPERFORMER,BU_PARTNER,Purchase Requisition PR header & item combined; one row per PR line. MM Materials Mgmt,unmapped,requisition.line_item_number,0.60,requisition.id,0.50,0.10,medium,requisition.line_item_number:0.60 | requisition.id:0.50,context_enriched_unmapped_auto_candidate
MM,EBAN,ISEOPBLOCKED,Business Purpose Completed,EOPBLOCKED,EOPBLOCKED,Purchase Requisition PR header & item combined; one row per PR line. MM Materials Mgmt,unmapped,requisition.line_item_number,0.60,requisition.id,0.50,0.10,medium,requisition.line_item_number:0.60 | requisition.id:0.50,context_enriched_unmapped_auto_candidate
MM,EBAN,EXT_REV_TMSTMP,Timestamp for Revision of External Calls,MM_EXT_REV_TMSTMP,TZNTSTMPL,Purchase Requisition PR header & item combined; one row per PR line. MM Materials Mgmt,unmapped,requisition.line_item_number,0.60,requisition.id,0.50,0.10,medium,requisition.line_item_number:0.60 | requisition.id:0.50,context_enriched_unmapped_auto_candidate
MM,EBAN,EXTMATERIALFORPURG,Material of External System,MM_PUR_HUB_MATNR,MATNR,Purchase Requisition PR header & item combined; one row per PR line. MM Materials Mgmt,unmapped,requisition.line_item_number,0.60,requisition.id,0.50,0.10,medium,requisition.line_item_number:0.60 | requisition.id:0.50,context_enriched_unmapped_auto_candidate
MM,EBAN,EXTFIXEDSUPPLIERFORPURG,Fixed Supplier of External System,MM_PUR_HUB_FLIEF,LIFNR,Purchase Requisition PR header & item combined; one row per PR line. MM Materials Mgmt,unmapped,requisition.line_item_number,0.60,requisition.id,0.50,0.10,medium,requisition.line_item_number:0.60 | requisition.id:0.50,context_enriched_unmapped_auto_candidate
MM,EBAN,EXTDESIREDSUPPLIERFORPURG,Desired Supplier of External System,MM_PUR_HUB_WLIEF,LIFNR,Purchase Requisition PR header & item combined; one row per PR line. MM Materials Mgmt,unmapped,requisition.line_item_number,0.60,requisition.id,0.50,0.10,medium,requisition.line_item_number:0.60 | requisition.id:0.50,context_enriched_unmapped_auto_candidate
MM,EBAN,EXTCONTRACTFORPURG,Contract of External System,MM_PUR_HUB_KONNR,EBELN,Purchase Requisition PR header & item combined; one row per PR line. MM Materials Mgmt,unmapped,requisition.line_item_number,0.60,requisition.id,0.50,0.10,medium,requisition.line_item_number:0.60 | requisition.id:0.50,context_enriched_unmapped_auto_candidate
MM,EBAN,EXTCONTRACTITEMFORPURG,Contract Item of External System,MM_PUR_HUB_KTPNR,EBELP,Purchase Requisition PR header & item combined; one row per PR line. MM Materials Mgmt,unmapped,requisition.line_item_number,0.60,requisition.id,0.50,0.10,medium,requisition.line_item_number:0.60 | requisition.id:0.50,context_enriched_unmapped_auto_candidate
MM,EBAN,EXTPLANTFORPURG,Plant of External System,MM_PUR_HUB_WERKS,WERKS,Purchase Requisition PR header & item combined; one row per PR line. MM Materials Mgmt,unmapped,requisition.line_item_number,0.60,requisition.id,0.50,0.10,medium,requisition.line_item_number:0.60 | requisition.id:0.50,context_enriched_unmapped_auto_candidate
MM,EBAN,EXT_BE_PRCHANGEINDICATOR,Change Indicator for PR in Central Procurement,MM_PUR_HUB_CHGIND,BOOLE,Purchase Requisition PR header & item combined; one row per PR line. MM Materials Mgmt,unmapped,requisition.line_item_number,0.60,requisition.id,0.50,0.10,medium,requisition.line_item_number:0.60 | requisition.id:0.50,context_enriched_unmapped_auto_candidate
MM,EBAN,ISCRREPLICATIONBEFOREAPPROVAL,Is Replication Before Approval,MMPUR_PR_CEN_REQN_REPL_BFR_APP,BOOLEAN,Purchase Requisition PR header & item combined; one row per PR line. MM Materials Mgmt,unmapped,requisition.line_item_number,0.60,requisition.id,0.50,0.10,medium,requisition.line_item_number:0.60 | requisition.id:0.50,context_enriched_unmapped_auto_candidate
MM,EBAN,LASTCHANGEDATETIME,UTC Time Stamp in Long Form (YYYYMMDDhhmmssmmmuuun),TIMESTAMPL,TZNTSTMPL,Purchase Requisition PR header & item combined; one row per PR line. MM Materials Mgmt,unmapped,requisition.line_item_number,0.60,requisition.id,0.50,0.10,medium,requisition.line_item_number:0.60 | requisition.id:0.50,context_enriched_unmapped_auto_candidate
MM,EBAN,ISONBEHALFCART,Shop on behalf indicator,MMPUR_REQ_D_SOB,XFLD,Purchase Requisition PR header & item combined; one row per PR line. MM Materials Mgmt,unmapped,requisition.line_item_number,0.60,requisition.id,0.50,0.10,medium,requisition.line_item_number:0.60 | requisition.id:0.50,context_enriched_unmapped_auto_candidate
MM,EBAN,SDM_VERSION,Version of Silent Data Migration,MMPUR_SDM_VERSION,MMPUR_SDM_VERSION,Purchase Requisition PR header & item combined; one row per PR line. MM Materials Mgmt,unmapped,requisition.line_item_number,0.60,requisition.id,0.50,0.10,medium,requisition.line_item_number:0.60 | requisition.id:0.50,context_enriched_unmapped_auto_candidate
MM,EBAN,CONTRACT_FOR_LIMIT,Purchase Contract for Enhanced Limit,CTR_FOR_LIMIT,EBELN,Purchase Requisition PR header & item combined; one row per PR line. MM Materials Mgmt,unmapped,requisition.line_item_number,0.60,requisition.id,0.50,0.10,medium,requisition.line_item_number:0.60 | requisition.id:0.50,context_enriched_unmapped_auto_candidate
MM,EBAN,PFMTRANSDATAFOOTPRINTUUID,Transaction Data Footprint,PFMTRANSDATAFOOTPRINTUUID,SYSUUID,Purchase Requisition PR header & item combined; one row per PR line. MM Materials Mgmt,unmapped,requisition.line_item_number,0.60,requisition.id,0.50,0.10,medium,requisition.line_item_number:0.60 | requisition.id:0.50,context_enriched_unmapped_auto_candidate
MM,EBAN,HASTRADECOMPLIANCEISSUE,Is Purchase Requisition Blocked by Trade Compliance,MMPUR_PR_HAS_TRADE_COMPLIANCE,BOOLEAN_FLG,Purchase Requisition PR header & item combined; one row per PR line. MM Materials Mgmt,weak_canonical_candidate,requisition.line_item_number,0.60,requisition.id,0.50,0.10,medium,requisition.line_item_number:0.60 | requisition.id:0.50,context_enriched_unmapped_auto_candidate
MM,EBAN,PURREQNDESCRIPTION,Purchase Requisition Description,PURREQNDESCRIPTION,TEXT40,Purchase Requisition PR header & item combined; one row per PR line. MM Materials Mgmt,weak_canonical_candidate,requisition.line_item_number,0.60,address.city,0.50,0.10,medium,requisition.line_item_number:0.60 | address.city:0.50 | requisition.id:0.50,context_enriched_unmapped_auto_candidate
MM,EBAN,ISOUTLINE,Is Outline,MMPUR_REQ_IS_OUTLINE,BOOLEAN_FLG,Purchase Requisition PR header & item combined; one row per PR line. MM Materials Mgmt,unmapped,requisition.line_item_number,0.60,requisition.id,0.50,0.10,medium,requisition.line_item_number:0.60 | requisition.id:0.50,context_enriched_unmapped_auto_candidate
MM,EBAN,BNFPO_CS,Cross-System PReq Item,/ISDFPS/BNFPO_CS,BNFPO,Purchase Requisition PR header & item combined; one row per PR line. MM Materials Mgmt,unmapped,requisition.line_item_number,0.60,requisition.id,0.50,0.10,medium,requisition.line_item_number:0.60 | requisition.id:0.50,context_enriched_unmapped_auto_candidate
MM,EBAN,BSMNG_SND,PO Quantity Sender,/ISDFPS/BSMNG_SND,MENG13,Purchase Requisition PR header & item combined; one row per PR line. MM Materials Mgmt,unmapped,requisition.line_item_number,0.60,bom.quantity,0.50,0.10,medium,requisition.line_item_number:0.60 | bom.quantity:0.50 | goods_receipt.quantity:0.50,context_enriched_unmapped_auto_candidate
MM,EBAN,ADPRI,Order Priority,ADPRI,ADPRI,Purchase Requisition PR header & item combined; one row per PR line. MM Materials Mgmt,unmapped,requisition.line_item_number,0.60,requisition.id,0.50,0.10,medium,requisition.line_item_number:0.60 | requisition.id:0.50,context_enriched_unmapped_auto_candidate
MM,EBAN,LPRIO,Delivery Priority,LPRIO,LPRIO,Purchase Requisition PR header & item combined; one row per PR line. MM Materials Mgmt,unmapped,requisition.line_item_number,0.60,requisition.id,0.50,0.10,medium,requisition.line_item_number:0.60 | requisition.id:0.50,context_enriched_unmapped_auto_candidate
MM,EBAN,ADDNS,Do Not Substitute,ADDNS,ADDNS,Purchase Requisition PR header & item combined; one row per PR line. MM Materials Mgmt,unmapped,requisition.line_item_number,0.60,requisition.id,0.50,0.10,medium,requisition.line_item_number:0.60 | requisition.id:0.50,context_enriched_unmapped_auto_candidate
MM,EBAN,DISUB_SOBKZ,Special stock indicator Subcontracting,DISUB_SOBKZ_LB,DISUB_SOBKZ_LB,Purchase Requisition PR header & item combined; one row per PR line. MM Materials Mgmt,unmapped,requisition.line_item_number,0.60,requisition.id,0.50,0.10,medium,requisition.line_item_number:0.60 | requisition.id:0.50,context_enriched_unmapped_auto_candidate
MM,EBAN,DISUB_OWNER,Owner of stock,OWNER_D,LIFNR,Purchase Requisition PR header & item combined; one row per PR line. MM Materials Mgmt,unmapped,requisition.line_item_number,0.60,requisition.id,0.50,0.10,medium,requisition.line_item_number:0.60 | requisition.id:0.50,context_enriched_unmapped_auto_candidate
MM,EBAN,FLDLOGSSUPPLYPROCESS,Supply Process,FLOG_SPROC,FLOG_SPROC,Purchase Requisition PR header & item combined; one row per PR line. MM Materials Mgmt,unmapped,requisition.line_item_number,0.60,requisition.id,0.50,0.10,medium,requisition.line_item_number:0.60 | requisition.id:0.50,context_enriched_unmapped_auto_candidate
MM,EBAN,FLDLOGSDELIVISHELDONSHORE,Hold On-Shore,FLOG_HOLD,BOOLE,Purchase Requisition PR header & item combined; one row per PR line. MM Materials Mgmt,unmapped,requisition.line_item_number,0.60,requisition.id,0.50,0.10,medium,requisition.line_item_number:0.60 | requisition.id:0.50,context_enriched_unmapped_auto_candidate
MM,EBAN,IUID_RELEVANT,IUID-Relevant,IUID_RELEVANT,UID_RELEVANT,Purchase Requisition PR header & item combined; one row per PR line. MM Materials Mgmt,unmapped,requisition.line_item_number,0.60,requisition.id,0.50,0.10,medium,requisition.line_item_number:0.60 | requisition.id:0.50,context_enriched_unmapped_auto_candidate
MM,EBAN,SC_REQUESTOR,Requestor,MMPUR_REQ_D_REQUESTOR,,Purchase Requisition PR header & item combined; one row per PR line. MM Materials Mgmt,unmapped,requisition.line_item_number,0.60,requisition.id,0.50,0.10,medium,requisition.line_item_number:0.60 | requisition.id:0.50,context_enriched_unmapped_auto_candidate
MM,EBAN,SC_AUTHOR,Author of Requisition,MMPUR_REQ_D_AUTHOR,UNAME,Purchase Requisition PR header & item combined; one row per PR line. MM Materials Mgmt,unmapped,requisition.line_item_number,0.60,requisition.id,0.50,0.10,medium,requisition.line_item_number:0.60 | requisition.id:0.50,context_enriched_unmapped_auto_candidate
MM,EBAN,OIO_SPROC,Supply Process,OIO_SPROC,OIO_SPROC,Purchase Requisition PR header & item combined; one row per PR line. MM Materials Mgmt,unmapped,requisition.line_item_number,0.60,requisition.id,0.50,0.10,medium,requisition.line_item_number:0.60 | requisition.id:0.50,context_enriched_unmapped_auto_candidate
MM,EBAN,OIO_HOLD,Indicator: Hold Delivery Onshore,OIO_HOLD,XFELD,Purchase Requisition PR header & item combined; one row per PR line. MM Materials Mgmt,unmapped,requisition.line_item_number,0.60,requisition.id,0.50,0.10,medium,requisition.line_item_number:0.60 | requisition.id:0.50,context_enriched_unmapped_auto_candidate
MM,EBAN,SGT_SCAT,Stock Segment,SGT_SCAT,SGT_SRCA,Purchase Requisition PR header & item combined; one row per PR line. MM Materials Mgmt,unmapped,requisition.line_item_number,0.60,requisition.id,0.50,0.10,medium,requisition.line_item_number:0.60 | requisition.id:0.50,context_enriched_unmapped_auto_candidate
MM,EBAN,SGT_RCAT,Requirement Segment,SGT_RCAT,SGT_SRCA,Purchase Requisition PR header & item combined; one row per PR line. MM Materials Mgmt,unmapped,requisition.line_item_number,0.60,requisition.id,0.50,0.10,medium,requisition.line_item_number:0.60 | requisition.id:0.50,context_enriched_unmapped_auto_candidate
FI,SKA1,XBILK,Indicator: Account is a balance sheet account?,XBILK,XFELD,G/L Account Master (Chart of Accounts) Chart-of-accounts level G/L master. FI Financial Accounting,unmapped,chart_of_accounts.id,0.60,,,0.60,medium,chart_of_accounts.id:0.60,context_enriched_unmapped_auto_candidate
FI,SKA1,KTOKS,G/L Account Group,KTOKS,KTOKS,G/L Account Master (Chart of Accounts) Chart-of-accounts level G/L master. FI Financial Accounting,weak_canonical_candidate,chart_of_accounts.id,0.60,vendor_group.id,0.50,0.10,medium,chart_of_accounts.id:0.60 | vendor_group.id:0.50,context_enriched_unmapped_auto_candidate
FI,SKA1,XLOEV,Indicator: Account Marked for Deletion?,XLOEV,XFELD,G/L Account Master (Chart of Accounts) Chart-of-accounts level G/L master. FI Financial Accounting,unmapped,chart_of_accounts.id,0.60,,,0.60,medium,chart_of_accounts.id:0.60,context_enriched_unmapped_auto_candidate
FI,SKA1,XSPEA,Indicator: Account Is Blocked for Creation ?,XSPEA,XFELD,G/L Account Master (Chart of Accounts) Chart-of-accounts level G/L master. FI Financial Accounting,unmapped,chart_of_accounts.id,0.60,,,0.60,medium,chart_of_accounts.id:0.60,context_enriched_unmapped_auto_candidate
FI,SKA1,XSPEP,Indicator: Account Blocked for Planning ?,XSPEP,XFELD,G/L Account Master (Chart of Accounts) Chart-of-accounts level G/L master. FI Financial Accounting,unmapped,chart_of_accounts.id,0.60,,,0.60,medium,chart_of_accounts.id:0.60,context_enriched_unmapped_auto_candidate
FI,SKA1,MCOD1,Search Term for Using Matchcode,MCODF,CHAR25,G/L Account Master (Chart of Accounts) Chart-of-accounts level G/L master. FI Financial Accounting,unmapped,chart_of_accounts.id,0.60,,,0.60,medium,chart_of_accounts.id:0.60,context_enriched_unmapped_auto_candidate
FI,SKA1,FUNC_AREA,Functional Area,FKBER,FKBER,G/L Account Master (Chart of Accounts) Chart-of-accounts level G/L master. FI Financial Accounting,unmapped,chart_of_accounts.id,0.60,,,0.60,medium,chart_of_accounts.id:0.60,context_enriched_unmapped_auto_candidate
FI,SKAT,MCOD1,Search Term for Matchcode Search,MCDS1,CHAR25,G/L Account Description (Chart of Accounts) Multi-language G/L account names. FI Financial Accounting,unmapped,chart_of_accounts.id,0.60,,,0.60,medium,chart_of_accounts.id:0.60,context_enriched_unmapped_auto_candidate
FI,BSIS,PSWSL,Update Currency for General Ledger Transaction Figures,PSWSL,WAERS,G/L Open Items Index of open G/L items. FI Financial Accounting,unmapped,ledger.id,0.60,,,0.60,medium,ledger.id:0.60,context_enriched_unmapped_auto_candidate
FI,BSIS,RDIF3,Exchange Rate Difference Realized for Third Local Currency,RDIF3,WRTV7,G/L Open Items Index of open G/L items. FI Financial Accounting,weak_canonical_candidate,exchange_rate.rate,0.60,,,0.60,medium,exchange_rate.rate:0.60,context_enriched_unmapped_auto_candidate
FI,BSIS,PPDIFF,Realized Exchange Rate Gain/Loss 1.Loc.Curr.(Part Payments),PPDIFF,WRTV7,G/L Open Items Index of open G/L items. FI Financial Accounting,weak_canonical_candidate,exchange_rate.rate,0.60,,,0.60,medium,exchange_rate.rate:0.60,context_enriched_unmapped_auto_candidate
FI,BSIS,PPDIF2,Realized Exchange Rate Gain/Loss 2.Loc. Curr.(Part Payments),PPDIF2,WRTV7,G/L Open Items Index of open G/L items. FI Financial Accounting,weak_canonical_candidate,exchange_rate.rate,0.60,,,0.60,medium,exchange_rate.rate:0.60,context_enriched_unmapped_auto_candidate
FI,BSIS,PPDIF3,Realized Exchange Rate Gain/Loss 3.Loc.Curr.(Part Payments),PPDIF3,WRTV7,G/L Open Items Index of open G/L items. FI Financial Accounting,weak_canonical_candidate,exchange_rate.rate,0.60,,,0.60,medium,exchange_rate.rate:0.60,context_enriched_unmapped_auto_candidate
FI,BSIS,BEWAR,Transaction type,RMVCT,RMVCT,G/L Open Items Index of open G/L items. FI Financial Accounting,weak_canonical_candidate,activity id,0.60,absence.start_date,0.50,0.10,medium,activity id:0.60 | absence.start_date:0.50 | absence.type:0.50,context_enriched_unmapped_auto_candidate
FI,BSIS,PPRCT,Partner Profit Center,PPRCTR,PRCTR,G/L Open Items Index of open G/L items. FI Financial Accounting,weak_canonical_candidate,profit_center.id,0.60,,,0.60,medium,profit_center.id:0.60,context_enriched_unmapped_auto_candidate
FI,BSIS,BUZID,Identification of the Line Item,BUZID,CHAR1,G/L Open Items Index of open G/L items. FI Financial Accounting,unmapped,employee.id,0.60,absence.start_date,0.50,0.10,medium,employee.id:0.60 | absence.start_date:0.50 | account.id:0.50,context_enriched_unmapped_auto_candidate
FI,BSIS,AUGGJ,Fiscal Year of Clearing Document,AUGGJ,GJAHR,G/L Open Items Index of open G/L items. FI Financial Accounting,weak_canonical_candidate,fiscal_year.id,0.60,,,0.60,medium,fiscal_year.id:0.60,context_enriched_unmapped_auto_candidate
FI,BSIS,UZAWE,Payment method supplement,UZAWE,UZAWE,G/L Open Items Index of open G/L items. FI Financial Accounting,weak_canonical_candidate,payment.method_code,0.60,,,0.60,medium,payment.method_code:0.60,context_enriched_unmapped_auto_candidate
FI,BSIS,SEGMENT,Segment for Segmental Reporting,FB_SEGMENT,FB_SEGMENT,G/L Open Items Index of open G/L items. FI Financial Accounting,weak_canonical_candidate,segment.id,0.60,,,0.60,medium,segment.id:0.60,context_enriched_unmapped_auto_candidate
FI,BSIS,PSEGMENT,Partner Segment for Segmental Reporting,FB_PSEGMENT,FB_SEGMENT,G/L Open Items Index of open G/L items. FI Financial Accounting,weak_canonical_candidate,segment.id,0.60,,,0.60,medium,segment.id:0.60,context_enriched_unmapped_auto_candidate
FI,BSIS,QSSKZ,Withholding Tax Code,QSSKZ,QSSKZ,G/L Open Items Index of open G/L items. FI Financial Accounting,weak_canonical_candidate,payroll.tax_amount,0.60,tax.id,0.50,0.10,medium,payroll.tax_amount:0.60 | tax.id:0.50 | tax.rate:0.50,context_enriched_unmapped_auto_candidate
FI,BSID,ZUONR,Assignment number,DZUONR,ZUONR,Customer Open Items / Cleared Items index Open AR items index. Counterpart: BSAD (cleared). FI Financial Accounting,unmapped,customer.id,0.60,,,0.60,medium,customer.id:0.60,context_enriched_unmapped_auto_candidate
FI,BSID,REBZJ,Fiscal Year of the Relevant Invoice (for Credit Memo),REBZJ,GJAHR,Customer Open Items / Cleared Items index Open AR items index. Counterpart: BSAD (cleared). FI Financial Accounting,weak_canonical_candidate,fiscal_year.id,0.60,,,0.60,medium,fiscal_year.id:0.60,context_enriched_unmapped_auto_candidate
FI,BSID,ANFBJ,Fiscal Year of the Bill of Exchange Payment Request Document,ANFBJ,GJAHR,Customer Open Items / Cleared Items index Open AR items index. Counterpart: BSAD (cleared). FI Financial Accounting,weak_canonical_candidate,fiscal_year.id,0.60,,,0.60,medium,fiscal_year.id:0.60,context_enriched_unmapped_auto_candidate
FI,BSID,INFAE,Inverted Date for Net Due Date,INFAE,CHAR08,Customer Open Items / Cleared Items index Open AR items index. Counterpart: BSAD (cleared). FI Financial Accounting,weak_canonical_candidate,invoice.due_date,0.60,,,0.60,medium,invoice.due_date:0.60,context_enriched_unmapped_auto_candidate
FI,BSID,XNOZA,Indicator: Account is not counted,XNOZA,XFELD,Customer Open Items / Cleared Items index Open AR items index. Counterpart: BSAD (cleared). FI Financial Accounting,unmapped,account.name,0.60,absence.start_date,0.50,0.10,medium,account.name:0.60 | absence.start_date:0.50 | account.id:0.50,context_enriched_unmapped_auto_candidate
FI,BSID,UZAWE,Payment method supplement,UZAWE,UZAWE,Customer Open Items / Cleared Items index Open AR items index. Counterpart: BSAD (cleared). FI Financial Accounting,weak_canonical_candidate,payment.method_code,0.60,,,0.60,medium,payment.method_code:0.60,context_enriched_unmapped_auto_candidate
FI,BSID,PSWSL,Update Currency for General Ledger Transaction Figures,PSWSL,WAERS,Customer Open Items / Cleared Items index Open AR items index. Counterpart: BSAD (cleared). FI Financial Accounting,unmapped,ledger.id,0.60,accounting.document_currency_code,0.50,0.10,medium,ledger.id:0.60 | accounting.document_currency_code:0.50 | bank_account.currency_code:0.50,context_enriched_unmapped_auto_candidate
FI,BSID,ETEN2,Schedule Line Number,ETENR,ETENR,Customer Open Items / Cleared Items index Open AR items index. Counterpart: BSAD (cleared). FI Financial Accounting,weak_canonical_candidate,customer.id,0.60,purchase_order.line_item_number,0.50,0.10,medium,customer.id:0.60 | purchase_order.line_item_number:0.50 | sales_order.line_item_number:0.50,context_enriched_unmapped_auto_candidate
FI,BSID,QSSKZ,Withholding Tax Code,QSSKZ,QSSKZ,Customer Open Items / Cleared Items index Open AR items index. Counterpart: BSAD (cleared). FI Financial Accounting,weak_canonical_candidate,payroll.tax_amount,0.60,tax.id,0.50,0.10,medium,payroll.tax_amount:0.60 | tax.id:0.50 | tax.rate:0.50,context_enriched_unmapped_auto_candidate
FI,BSID,CESSION_KZ,Accounts Receivable Pledging Indicator,CESSION_KZ,CESSION_KZ,Customer Open Items / Cleared Items index Open AR items index. Counterpart: BSAD (cleared). FI Financial Accounting,unmapped,ar_receivable.open_amount,0.60,,,0.60,medium,ar_receivable.open_amount:0.60,context_enriched_unmapped_auto_candidate
FI,BSID,PPDIFF,Realized Exchange Rate Gain/Loss 1.Loc.Curr.(Part Payments),PPDIFF,WRTV7,Customer Open Items / Cleared Items index Open AR items index. Counterpart: BSAD (cleared). FI Financial Accounting,weak_canonical_candidate,exchange_rate.rate,0.60,,,0.60,medium,exchange_rate.rate:0.60,context_enriched_unmapped_auto_candidate
FI,BSID,PPDIF2,Realized Exchange Rate Gain/Loss 2.Loc. Curr.(Part Payments),PPDIF2,WRTV7,Customer Open Items / Cleared Items index Open AR items index. Counterpart: BSAD (cleared). FI Financial Accounting,weak_canonical_candidate,exchange_rate.rate,0.60,,,0.60,medium,exchange_rate.rate:0.60,context_enriched_unmapped_auto_candidate
FI,BSID,PPDIF3,Realized Exchange Rate Gain/Loss 3.Loc.Curr.(Part Payments),PPDIF3,WRTV7,Customer Open Items / Cleared Items index Open AR items index. Counterpart: BSAD (cleared). FI Financial Accounting,weak_canonical_candidate,exchange_rate.rate,0.60,,,0.60,medium,exchange_rate.rate:0.60,context_enriched_unmapped_auto_candidate
FI,BSID,PPRCT,Partner Profit Center,PPRCTR,PRCTR,Customer Open Items / Cleared Items index Open AR items index. Counterpart: BSAD (cleared). FI Financial Accounting,weak_canonical_candidate,profit_center.id,0.60,,,0.60,medium,profit_center.id:0.60,context_enriched_unmapped_auto_candidate
FI,BSID,BUZID,Identification of the Line Item,BUZID,CHAR1,Customer Open Items / Cleared Items index Open AR items index. Counterpart: BSAD (cleared). FI Financial Accounting,unmapped,employee.id,0.60,absence.start_date,0.50,0.10,medium,employee.id:0.60 | absence.start_date:0.50 | account.id:0.50,context_enriched_unmapped_auto_candidate
FI,BSID,AUGGJ,Fiscal Year of Clearing Document,AUGGJ,GJAHR,Customer Open Items / Cleared Items index Open AR items index. Counterpart: BSAD (cleared). FI Financial Accounting,weak_canonical_candidate,fiscal_year.id,0.60,,,0.60,medium,fiscal_year.id:0.60,context_enriched_unmapped_auto_candidate
FI,BSIK,ZUONR,Assignment number,DZUONR,ZUONR,Vendor Open Items AP open items index. Counterpart: BSAK (cleared). FI Financial Accounting,unmapped,vendor.id,0.60,supplier.id,0.50,0.10,medium,vendor.id:0.60 | supplier.id:0.50,context_enriched_unmapped_auto_candidate
FI,BSIK,REBZJ,Fiscal Year of the Relevant Invoice (for Credit Memo),REBZJ,GJAHR,Vendor Open Items AP open items index. Counterpart: BSAK (cleared). FI Financial Accounting,weak_canonical_candidate,fiscal_year.id,0.60,,,0.60,medium,fiscal_year.id:0.60,context_enriched_unmapped_auto_candidate
FI,BSIK,ZOLLT,Customs Tariff Number,DZOLLT,ZOLLT,Vendor Open Items AP open items index. Counterpart: BSAK (cleared). FI Financial Accounting,unmapped,vendor.id,0.60,supplier.id,0.50,0.10,medium,vendor.id:0.60 | supplier.id:0.50,context_enriched_unmapped_auto_candidate
FI,BSIK,LANDL,Supplying Country,LANDL,LAND1,Vendor Open Items AP open items index. Counterpart: BSAK (cleared). FI Financial Accounting,unmapped,supplier.country_code,0.60,address.country_code,0.50,0.10,medium,supplier.country_code:0.60 | address.country_code:0.50 | supplier.address:0.50,context_enriched_unmapped_auto_candidate
FI,BSIK,QSSKZ,Withholding Tax Code,QSSKZ,QSSKZ,Vendor Open Items AP open items index. Counterpart: BSAK (cleared). FI Financial Accounting,weak_canonical_candidate,payroll.tax_amount,0.60,supplier.id,0.50,0.10,medium,payroll.tax_amount:0.60 | supplier.id:0.50 | tax.id:0.50,context_enriched_unmapped_auto_candidate
FI,BSIK,BSTAT,Document Status,BSTAT_D,BSTAT,Vendor Open Items AP open items index. Counterpart: BSAK (cleared). FI Financial Accounting,weak_canonical_candidate,vendor.status,0.60,payment.status,0.50,0.10,medium,vendor.status:0.60 | payment.status:0.50 | supplier.region_code:0.50,context_enriched_unmapped_auto_candidate
FI,BSIK,ANFBJ,Fiscal Year of the Bill of Exchange Payment Request Document,ANFBJ,GJAHR,Vendor Open Items AP open items index. Counterpart: BSAK (cleared). FI Financial Accounting,weak_canonical_candidate,fiscal_year.id,0.60,,,0.60,medium,fiscal_year.id:0.60,context_enriched_unmapped_auto_candidate
FI,BSIK,EGBLD,Country of Destination for Delivery of Goods,EGBLD,LAND1,Vendor Open Items AP open items index. Counterpart: BSAK (cleared). FI Financial Accounting,unmapped,supplier.country_code,0.60,address.country_code,0.50,0.10,medium,supplier.country_code:0.60 | address.country_code:0.50 | supplier.address:0.50,context_enriched_unmapped_auto_candidate
FI,BSIK,EGLLD,Supplying Country for Delivery of Goods,EGLLD,LAND1,Vendor Open Items AP open items index. Counterpart: BSAK (cleared). FI Financial Accounting,unmapped,supplier.country_code,0.60,address.country_code,0.50,0.10,medium,supplier.country_code:0.60 | address.country_code:0.50 | supplier.address:0.50,context_enriched_unmapped_auto_candidate
FI,BSIK,UZAWE,Payment method supplement,UZAWE,UZAWE,Vendor Open Items AP open items index. Counterpart: BSAK (cleared). FI Financial Accounting,weak_canonical_candidate,payment.method_code,0.60,,,0.60,medium,payment.method_code:0.60,context_enriched_unmapped_auto_candidate
FI,BSIK,PSWSL,Update Currency for General Ledger Transaction Figures,PSWSL,WAERS,Vendor Open Items AP open items index. Counterpart: BSAK (cleared). FI Financial Accounting,unmapped,ledger.id,0.60,accounting.document_currency_code,0.50,0.10,medium,ledger.id:0.60 | accounting.document_currency_code:0.50 | bank_account.currency_code:0.50,context_enriched_unmapped_auto_candidate
FI,BSIK,PPDIFF,Realized Exchange Rate Gain/Loss 1.Loc.Curr.(Part Payments),PPDIFF,WRTV7,Vendor Open Items AP open items index. Counterpart: BSAK (cleared). FI Financial Accounting,weak_canonical_candidate,exchange_rate.rate,0.60,,,0.60,medium,exchange_rate.rate:0.60,context_enriched_unmapped_auto_candidate
FI,BSIK,PPDIF2,Realized Exchange Rate Gain/Loss 2.Loc. Curr.(Part Payments),PPDIF2,WRTV7,Vendor Open Items AP open items index. Counterpart: BSAK (cleared). FI Financial Accounting,weak_canonical_candidate,exchange_rate.rate,0.60,,,0.60,medium,exchange_rate.rate:0.60,context_enriched_unmapped_auto_candidate
FI,BSIK,PPDIF3,Realized Exchange Rate Gain/Loss 3.Loc.Curr.(Part Payments),PPDIF3,WRTV7,Vendor Open Items AP open items index. Counterpart: BSAK (cleared). FI Financial Accounting,weak_canonical_candidate,exchange_rate.rate,0.60,,,0.60,medium,exchange_rate.rate:0.60,context_enriched_unmapped_auto_candidate
FI,BSIK,PPRCT,Partner Profit Center,PPRCTR,PRCTR,Vendor Open Items AP open items index. Counterpart: BSAK (cleared). FI Financial Accounting,weak_canonical_candidate,profit_center.id,0.60,,,0.60,medium,profit_center.id:0.60,context_enriched_unmapped_auto_candidate
FI,BSIK,BUZID,Identification of the Line Item,BUZID,CHAR1,Vendor Open Items AP open items index. Counterpart: BSAK (cleared). FI Financial Accounting,unmapped,employee.id,0.60,absence.start_date,0.50,0.10,medium,employee.id:0.60 | absence.start_date:0.50 | account.id:0.50,context_enriched_unmapped_auto_candidate
FI,BSIK,AUGGJ,Fiscal Year of Clearing Document,AUGGJ,GJAHR,Vendor Open Items AP open items index. Counterpart: BSAK (cleared). FI Financial Accounting,weak_canonical_candidate,fiscal_year.id,0.60,,,0.60,medium,fiscal_year.id:0.60,context_enriched_unmapped_auto_candidate
FI,BSIK,KONTL,Acct assignment string for industry-specific acct assignmnts,KONTL_FI,CHAR50,Vendor Open Items AP open items index. Counterpart: BSAK (cleared). FI Financial Accounting,weak_canonical_candidate,account.industry,0.60,,,0.60,medium,account.industry:0.60,context_enriched_unmapped_auto_candidate
FI,BSIK,EGRUP,Equity group,JV_EGROUP,JV_EGROUP,Vendor Open Items AP open items index. Counterpart: BSAK (cleared). FI Financial Accounting,unmapped,vendor_group.id,0.60,,,0.60,medium,vendor_group.id:0.60,context_enriched_unmapped_auto_candidate
FI,BSAK,ZUONR,Assignment number,DZUONR,ZUONR,Vendor Cleared Items AP cleared items index. FI Financial Accounting,unmapped,vendor.id,0.60,supplier.id,0.50,0.10,medium,vendor.id:0.60 | supplier.id:0.50,context_enriched_unmapped_auto_candidate
FI,BSAK,REBZJ,Fiscal Year of the Relevant Invoice (for Credit Memo),REBZJ,GJAHR,Vendor Cleared Items AP cleared items index. FI Financial Accounting,weak_canonical_candidate,fiscal_year.id,0.60,,,0.60,medium,fiscal_year.id:0.60,context_enriched_unmapped_auto_candidate
FI,BSAK,ZOLLT,Customs Tariff Number,DZOLLT,ZOLLT,Vendor Cleared Items AP cleared items index. FI Financial Accounting,unmapped,vendor.id,0.60,supplier.id,0.50,0.10,medium,vendor.id:0.60 | supplier.id:0.50,context_enriched_unmapped_auto_candidate
FI,BSAK,LANDL,Supplying Country,LANDL,LAND1,Vendor Cleared Items AP cleared items index. FI Financial Accounting,unmapped,supplier.country_code,0.60,address.country_code,0.50,0.10,medium,supplier.country_code:0.60 | address.country_code:0.50 | supplier.address:0.50,context_enriched_unmapped_auto_candidate
FI,BSAK,QSSKZ,Withholding Tax Code,QSSKZ,QSSKZ,Vendor Cleared Items AP cleared items index. FI Financial Accounting,weak_canonical_candidate,payroll.tax_amount,0.60,supplier.id,0.50,0.10,medium,payroll.tax_amount:0.60 | supplier.id:0.50 | tax.id:0.50,context_enriched_unmapped_auto_candidate
FI,BSAK,BSTAT,Document Status,BSTAT_D,BSTAT,Vendor Cleared Items AP cleared items index. FI Financial Accounting,weak_canonical_candidate,vendor.status,0.60,payment.status,0.50,0.10,medium,vendor.status:0.60 | payment.status:0.50 | supplier.region_code:0.50,context_enriched_unmapped_auto_candidate
FI,BSAK,ANFBJ,Fiscal Year of the Bill of Exchange Payment Request Document,ANFBJ,GJAHR,Vendor Cleared Items AP cleared items index. FI Financial Accounting,weak_canonical_candidate,fiscal_year.id,0.60,,,0.60,medium,fiscal_year.id:0.60,context_enriched_unmapped_auto_candidate
FI,BSAK,EGBLD,Country of Destination for Delivery of Goods,EGBLD,LAND1,Vendor Cleared Items AP cleared items index. FI Financial Accounting,unmapped,supplier.country_code,0.60,address.country_code,0.50,0.10,medium,supplier.country_code:0.60 | address.country_code:0.50 | supplier.address:0.50,context_enriched_unmapped_auto_candidate
FI,BSAK,EGLLD,Supplying Country for Delivery of Goods,EGLLD,LAND1,Vendor Cleared Items AP cleared items index. FI Financial Accounting,unmapped,supplier.country_code,0.60,address.country_code,0.50,0.10,medium,supplier.country_code:0.60 | address.country_code:0.50 | supplier.address:0.50,context_enriched_unmapped_auto_candidate
FI,BSAK,UZAWE,Payment method supplement,UZAWE,UZAWE,Vendor Cleared Items AP cleared items index. FI Financial Accounting,weak_canonical_candidate,payment.method_code,0.60,,,0.60,medium,payment.method_code:0.60,context_enriched_unmapped_auto_candidate
FI,BSAK,PSWSL,Update Currency for General Ledger Transaction Figures,PSWSL,WAERS,Vendor Cleared Items AP cleared items index. FI Financial Accounting,unmapped,ledger.id,0.60,accounting.document_currency_code,0.50,0.10,medium,ledger.id:0.60 | accounting.document_currency_code:0.50 | bank_account.currency_code:0.50,context_enriched_unmapped_auto_candidate
FI,BSAK,PPDIFF,Realized Exchange Rate Gain/Loss 1.Loc.Curr.(Part Payments),PPDIFF,WRTV7,Vendor Cleared Items AP cleared items index. FI Financial Accounting,weak_canonical_candidate,exchange_rate.rate,0.60,,,0.60,medium,exchange_rate.rate:0.60,context_enriched_unmapped_auto_candidate
FI,BSAK,PPDIF2,Realized Exchange Rate Gain/Loss 2.Loc. Curr.(Part Payments),PPDIF2,WRTV7,Vendor Cleared Items AP cleared items index. FI Financial Accounting,weak_canonical_candidate,exchange_rate.rate,0.60,,,0.60,medium,exchange_rate.rate:0.60,context_enriched_unmapped_auto_candidate
FI,BSAK,PPDIF3,Realized Exchange Rate Gain/Loss 3.Loc.Curr.(Part Payments),PPDIF3,WRTV7,Vendor Cleared Items AP cleared items index. FI Financial Accounting,weak_canonical_candidate,exchange_rate.rate,0.60,,,0.60,medium,exchange_rate.rate:0.60,context_enriched_unmapped_auto_candidate
FI,BSAK,PPRCT,Partner Profit Center,PPRCTR,PRCTR,Vendor Cleared Items AP cleared items index. FI Financial Accounting,weak_canonical_candidate,profit_center.id,0.60,,,0.60,medium,profit_center.id:0.60,context_enriched_unmapped_auto_candidate
FI,BSAK,BUZID,Identification of the Line Item,BUZID,CHAR1,Vendor Cleared Items AP cleared items index. FI Financial Accounting,unmapped,employee.id,0.60,absence.start_date,0.50,0.10,medium,employee.id:0.60 | absence.start_date:0.50 | account.id:0.50,context_enriched_unmapped_auto_candidate
FI,BSAK,AUGGJ,Fiscal Year of Clearing Document,AUGGJ,GJAHR,Vendor Cleared Items AP cleared items index. FI Financial Accounting,weak_canonical_candidate,fiscal_year.id,0.60,,,0.60,medium,fiscal_year.id:0.60,context_enriched_unmapped_auto_candidate
FI,BSAK,KONTL,Acct assignment string for industry-specific acct assignmnts,KONTL_FI,CHAR50,Vendor Cleared Items AP cleared items index. FI Financial Accounting,weak_canonical_candidate,account.industry,0.60,,,0.60,medium,account.industry:0.60,context_enriched_unmapped_auto_candidate
FI,BSAK,EGRUP,Equity group,JV_EGROUP,JV_EGROUP,Vendor Cleared Items AP cleared items index. FI Financial Accounting,unmapped,vendor_group.id,0.60,,,0.60,medium,vendor_group.id:0.60,context_enriched_unmapped_auto_candidate
FI,ANLA,GEGST,Technical Asset Number,GEGST,GEGST,Asset Master Record Master asset and sub-asset data. FI Financial Accounting,weak_canonical_candidate,asset.id,0.60,,,0.60,medium,asset.id:0.60,context_enriched_unmapped_auto_candidate
FI,ANLA,ZUJHR,Fiscal Year in Which First Acquisition Was Posted,DZUJAHR,GJAHR,Asset Master Record Master asset and sub-asset data. FI Financial Accounting,weak_canonical_candidate,fiscal_year.id,0.60,,,0.60,medium,fiscal_year.id:0.60,context_enriched_unmapped_auto_candidate
FI,ANLA,GPLAB,Planned Retirement Date,GPLAB,DATUM,Asset Master Record Master asset and sub-asset data. FI Financial Accounting,weak_canonical_candidate,employee.employment_status,0.60,absence.end_date,0.50,0.10,medium,employee.employment_status:0.60 | absence.end_date:0.50 | address.country:0.50,context_enriched_unmapped_auto_candidate
FI,ANLA,ORD42,Asset Type,ORD42,ORD4X,Asset Master Record Master asset and sub-asset data. FI Financial Accounting,unmapped,activity id,0.60,absence.start_date,0.50,0.10,medium,activity id:0.60 | absence.start_date:0.50 | absence.type:0.50,context_enriched_unmapped_auto_candidate
FI,ANLA,ANLUE,Asset Super Number,ANLUE,ANLUE,Asset Master Record Master asset and sub-asset data. FI Financial Accounting,weak_canonical_candidate,asset.id,0.60,,,0.60,medium,asset.id:0.60,context_enriched_unmapped_auto_candidate
FI,ANLA,URJHR,Fiscal Year of Original Acquisition,URJHR,GJAHR,Asset Master Record Master asset and sub-asset data. FI Financial Accounting,weak_canonical_candidate,fiscal_year.id,0.60,,,0.60,medium,fiscal_year.id:0.60,context_enriched_unmapped_auto_candidate
FI,ANLA,EHWNR,Tax Number of the Notice of Assessment,EHWNR_ANLA,EHWNR_ANLA,Asset Master Record Master asset and sub-asset data. FI Financial Accounting,weak_canonical_candidate,asset.id,0.60,tax.id,0.50,0.10,medium,asset.id:0.60 | tax.id:0.50,context_enriched_unmapped_auto_candidate
FI,ANLA,GRLFD,Land Register Entry: Sequence Number,GRLFD_ANLA,GRLFD_ANLA,Asset Master Record Master asset and sub-asset data. FI Financial Accounting,unmapped,asset.id,0.60,,,0.60,medium,asset.id:0.60,context_enriched_unmapped_auto_candidate
FI,ANLA,FLURK,Land Register Map Number,FLURK_ANLA,CHAR4,Asset Master Record Master asset and sub-asset data. FI Financial Accounting,unmapped,asset.id,0.60,,,0.60,medium,asset.id:0.60,context_enriched_unmapped_auto_candidate
FI,ANLA,FLURN,Plot Number,FLURN_ANLA,CHAR10,Asset Master Record Master asset and sub-asset data. FI Financial Accounting,unmapped,asset.id,0.60,,,0.60,medium,asset.id:0.60,context_enriched_unmapped_auto_candidate
FI,ANLA,INVNR,Inventory Number,INVNR_ANLA,INVNR_ANLA,Asset Master Record Master asset and sub-asset data. FI Financial Accounting,unmapped,asset.id,0.60,,,0.60,medium,asset.id:0.60,context_enriched_unmapped_auto_candidate
FI,ANLA,TXA50,Additional Asset Description,TXA50_MORE,TEXT50,Asset Master Record Master asset and sub-asset data. FI Financial Accounting,weak_canonical_candidate,asset.description,0.60,,,0.60,medium,asset.description:0.60,context_enriched_unmapped_auto_candidate
FI,ANLA,XHERID,Indicator: Long text for manufacturer/origin,XHERID,XFELD,Asset Master Record Master asset and sub-asset data. FI Financial Accounting,unmapped,asset.manufacturer_name,0.60,,,0.60,medium,asset.manufacturer_name:0.60,context_enriched_unmapped_auto_candidate
FI,ANLA,LEANZ,Number of Lease Payments,LEANZ,46361,Asset Master Record Master asset and sub-asset data. FI Financial Accounting,unmapped,asset.id,0.60,,,0.60,medium,asset.id:0.60,context_enriched_unmapped_auto_candidate
FI,ANLA,ANUPD,Indicator: Type of change to table,ANUPD,ANUPD,Asset Master Record Master asset and sub-asset data. FI Financial Accounting,unmapped,activity id,0.60,absence.start_date,0.50,0.10,medium,activity id:0.60 | absence.start_date:0.50 | absence.type:0.50,context_enriched_unmapped_auto_candidate
FI,ANLA,OBJNR,Object number,J_OBJNR,J_OBJNR,Asset Master Record Master asset and sub-asset data. FI Financial Accounting,unmapped,asset.id,0.60,,,0.60,medium,asset.id:0.60,context_enriched_unmapped_auto_candidate
FI,ANLA,LEART,Leasing type,LEART,LEASART,Asset Master Record Master asset and sub-asset data. FI Financial Accounting,unmapped,activity id,0.60,absence.start_date,0.50,0.10,medium,activity id:0.60 | absence.start_date:0.50 | absence.type:0.50,context_enriched_unmapped_auto_candidate
FI,ANLA,LDT_SEQNO,Legacy Data Transfer - sequence number,FAA_LDT_SEQNO,NUMC5,Asset Master Record Master asset and sub-asset data. FI Financial Accounting,unmapped,asset.id,0.60,,,0.60,medium,asset.id:0.60,context_enriched_unmapped_auto_candidate
FI,ANLA,BOGUS_ANLN1,bogus asset number,/ATL/BOGUS_ANLN1,CHAR12,Asset Master Record Master asset and sub-asset data. FI Financial Accounting,weak_canonical_candidate,asset.id,0.60,,,0.60,medium,asset.id:0.60,context_enriched_unmapped_auto_candidate
